model,score_test,score_val,eval_metric,pred_time_test,pred_time_val,fit_time,pred_time_test_marginal,pred_time_val_marginal,fit_time_marginal,stack_level,can_infer,fit_order,num_features,num_models,num_models_w_ancestors,memory_size,memory_size_w_ancestors,memory_size_min,memory_size_min_w_ancestors,num_ancestors,num_descendants,model_type,child_model_type,stopping_metric,hyperparameters,hyperparameters_fit,ag_args_fit,features,compile_time,child_hyperparameters,child_hyperparameters_fit,child_ag_args_fit,ancestors,descendants
XGBoost_r194_BAG_L1,0.8812185235229087,0.8728910728910729,accuracy,0.06953692436218262,0.03953957557678223,4.100129127502441,0.06953692436218262,0.03953957557678223,4.100129127502441,1,True,28,14,8,8,9638472,9638472,1524949,1524949,0,0,StackerEnsembleModel,XGBoostModel,accuracy,"{'use_orig_features': True, 'max_base_models': 25, 'max_base_models_per_type': 5, 'save_bag_folds': True}",{},"{'max_memory_usage_ratio': 1.0, 'max_time_limit_ratio': 1.0, 'max_time_limit': None, 'min_time_limit': 0, 'valid_raw_types': None, 'valid_special_types': None, 'ignored_type_group_special': None, 'ignored_type_group_raw': None, 'get_features_kwargs': None, 'get_features_kwargs_extra': None, 'predict_1_batch_size': None, 'temperature_scalar': None, 'drop_unique': False}","['hours.per.week', 'capital.gain', 'race', 'fnlwgt', 'capital.loss', 'workclass', 'education.num', 'sex', 'education', 'marital.status', 'relationship', 'occupation', 'native.country', 'age']",,"{'n_estimators': 10000, 'learning_rate': 0.09290221350439203, 'n_jobs': -1, 'proc.max_category_levels': 100, 'objective': 'binary:logistic', 'booster': 'gbtree', 'colsample_bytree': 0.9090166528779192, 'enable_categorical': True, 'max_depth': 7, 'min_child_weight': 0.8041986915994078}",{'n_estimators': 119},"{'max_memory_usage_ratio': 1.0, 'max_time_limit_ratio': 1.0, 'max_time_limit': None, 'min_time_limit': 0, 'valid_raw_types': ['bool', 'int', 'float', 'category'], 'valid_special_types': None, 'ignored_type_group_special': None, 'ignored_type_group_raw': None, 'get_features_kwargs': None, 'get_features_kwargs_extra': None, 'predict_1_batch_size': None, 'temperature_scalar': None, 'num_cpus': 16}",[],[]
CatBoost_BAG_L1,0.8787618228718831,0.8721539721539722,accuracy,0.030234575271606445,0.10379910469055176,76.74271416664124,0.030234575271606445,0.10379910469055176,76.74271416664124,1,True,5,14,8,8,6938202,6938202,1198529,1198529,0,0,StackerEnsembleModel,CatBoostModel,accuracy,"{'use_orig_features': True, 'max_base_models': 25, 'max_base_models_per_type': 5, 'save_bag_folds': True}",{},"{'max_memory_usage_ratio': 1.0, 'max_time_limit_ratio': 1.0, 'max_time_limit': None, 'min_time_limit': 0, 'valid_raw_types': None, 'valid_special_types': None, 'ignored_type_group_special': None, 'ignored_type_group_raw': None, 'get_features_kwargs': None, 'get_features_kwargs_extra': None, 'predict_1_batch_size': None, 'temperature_scalar': None, 'drop_unique': False}","['hours.per.week', 'capital.gain', 'race', 'fnlwgt', 'capital.loss', 'workclass', 'education.num', 'sex', 'education', 'marital.status', 'relationship', 'occupation', 'native.country', 'age']",,"{'iterations': 10000, 'learning_rate': 0.05, 'random_seed': 0, 'allow_writing_files': False, 'eval_metric': 'Accuracy'}",{'iterations': 390},"{'max_memory_usage_ratio': 1.0, 'max_time_limit_ratio': 1.0, 'max_time_limit': None, 'min_time_limit': 0, 'valid_raw_types': ['bool', 'int', 'float', 'category'], 'valid_special_types': None, 'ignored_type_group_special': None, 'ignored_type_group_raw': None, 'get_features_kwargs': None, 'get_features_kwargs_extra': None, 'predict_1_batch_size': None, 'temperature_scalar': None, 'num_cpus': 16}",[],[]
XGBoost_r89_BAG_L1,0.878270482741678,0.8740786240786241,accuracy,0.14480376243591309,0.08249449729919434,5.789797306060791,0.14480376243591309,0.08249449729919434,5.789797306060791,1,True,23,14,8,8,5902881,5902881,1447316,1447316,0,1,StackerEnsembleModel,XGBoostModel,accuracy,"{'use_orig_features': True, 'max_base_models': 25, 'max_base_models_per_type': 5, 'save_bag_folds': True}",{},"{'max_memory_usage_ratio': 1.0, 'max_time_limit_ratio': 1.0, 'max_time_limit': None, 'min_time_limit': 0, 'valid_raw_types': None, 'valid_special_types': None, 'ignored_type_group_special': None, 'ignored_type_group_raw': None, 'get_features_kwargs': None, 'get_features_kwargs_extra': None, 'predict_1_batch_size': None, 'temperature_scalar': None, 'drop_unique': False}","['hours.per.week', 'capital.gain', 'race', 'fnlwgt', 'capital.loss', 'workclass', 'education.num', 'sex', 'education', 'marital.status', 'relationship', 'occupation', 'native.country', 'age']",,"{'n_estimators': 10000, 'learning_rate': 0.08775715546881824, 'n_jobs': -1, 'proc.max_category_levels': 100, 'objective': 'binary:logistic', 'booster': 'gbtree', 'colsample_bytree': 0.6628423832084077, 'enable_categorical': False, 'max_depth': 5, 'min_child_weight': 0.6294123374222513}",{'n_estimators': 250},"{'max_memory_usage_ratio': 1.0, 'max_time_limit_ratio': 1.0, 'max_time_limit': None, 'min_time_limit': 0, 'valid_raw_types': ['bool', 'int', 'float', 'category'], 'valid_special_types': None, 'ignored_type_group_special': None, 'ignored_type_group_raw': None, 'get_features_kwargs': None, 'get_features_kwargs_extra': None, 'predict_1_batch_size': None, 'temperature_scalar': None, 'num_cpus': 16}",[],['WeightedEnsemble_L2']
WeightedEnsemble_L2,0.878270482741678,0.8740786240786241,accuracy,0.14553332328796387,0.08365154266357422,6.407956123352051,0.0007295608520507812,0.0011570453643798828,0.6181588172912598,2,True,40,1,1,9,6825,5909706,6825,1447316,1,0,WeightedEnsembleModel,GreedyWeightedEnsembleModel,accuracy,"{'use_orig_features': False, 'max_base_models': 25, 'max_base_models_per_type': 5, 'save_bag_folds': True}",{},"{'max_memory_usage_ratio': 1.0, 'max_time_limit_ratio': 1.0, 'max_time_limit': None, 'min_time_limit': 0, 'valid_raw_types': None, 'valid_special_types': None, 'ignored_type_group_special': None, 'ignored_type_group_raw': None, 'get_features_kwargs': None, 'get_features_kwargs_extra': None, 'predict_1_batch_size': None, 'temperature_scalar': None, 'drop_unique': False}",['XGBoost_r89_BAG_L1'],,"{'ensemble_size': 25, 'subsample_size': 1000000}",{'ensemble_size': 1},"{'max_memory_usage_ratio': 1.0, 'max_time_limit_ratio': 1.0, 'max_time_limit': None, 'min_time_limit': 0, 'valid_raw_types': None, 'valid_special_types': None, 'ignored_type_group_special': None, 'ignored_type_group_raw': None, 'get_features_kwargs': None, 'get_features_kwargs_extra': None, 'predict_1_batch_size': None, 'temperature_scalar': None, 'drop_unique': False}",['XGBoost_r89_BAG_L1'],[]
CatBoost_r167_BAG_L1,0.8780248126765754,0.8730958230958231,accuracy,0.02909541130065918,0.03591108322143555,19.456267595291138,0.02909541130065918,0.03591108322143555,19.456267595291138,1,True,37,14,8,8,8518202,8518202,1624617,1624617,0,0,StackerEnsembleModel,CatBoostModel,accuracy,"{'use_orig_features': True, 'max_base_models': 25, 'max_base_models_per_type': 5, 'save_bag_folds': True}",{},"{'max_memory_usage_ratio': 1.0, 'max_time_limit_ratio': 1.0, 'max_time_limit': None, 'min_time_limit': 0, 'valid_raw_types': None, 'valid_special_types': None, 'ignored_type_group_special': None, 'ignored_type_group_raw': None, 'get_features_kwargs': None, 'get_features_kwargs_extra': None, 'predict_1_batch_size': None, 'temperature_scalar': None, 'drop_unique': False}","['hours.per.week', 'capital.gain', 'race', 'fnlwgt', 'capital.loss', 'workclass', 'education.num', 'sex', 'education', 'marital.status', 'relationship', 'occupation', 'native.country', 'age']",,"{'iterations': 10000, 'learning_rate': 0.08481607830570326, 'random_seed': 0, 'allow_writing_files': False, 'eval_metric': 'Accuracy', 'depth': 7, 'grow_policy': 'SymmetricTree', 'l2_leaf_reg': 4.522712492188319, 'max_ctr_complexity': 3, 'one_hot_max_size': 2}",{'iterations': 292},"{'max_memory_usage_ratio': 1.0, 'max_time_limit_ratio': 1.0, 'max_time_limit': None, 'min_time_limit': 0, 'valid_raw_types': ['bool', 'int', 'float', 'category'], 'valid_special_types': None, 'ignored_type_group_special': None, 'ignored_type_group_raw': None, 'get_features_kwargs': None, 'get_features_kwargs_extra': None, 'predict_1_batch_size': None, 'temperature_scalar': None, 'num_cpus': 16}",[],[]
CatBoost_r50_BAG_L1,0.8779019776440241,0.8718263718263718,accuracy,0.034076690673828125,0.04269909858703613,12.492317199707031,0.034076690673828125,0.04269909858703613,12.492317199707031,1,True,26,14,8,8,2342112,2342112,421725,421725,0,0,StackerEnsembleModel,CatBoostModel,accuracy,"{'use_orig_features': True, 'max_base_models': 25, 'max_base_models_per_type': 5, 'save_bag_folds': True}",{},"{'max_memory_usage_ratio': 1.0, 'max_time_limit_ratio': 1.0, 'max_time_limit': None, 'min_time_limit': 0, 'valid_raw_types': None, 'valid_special_types': None, 'ignored_type_group_special': None, 'ignored_type_group_raw': None, 'get_features_kwargs': None, 'get_features_kwargs_extra': None, 'predict_1_batch_size': None, 'temperature_scalar': None, 'drop_unique': False}","['hours.per.week', 'capital.gain', 'race', 'fnlwgt', 'capital.loss', 'workclass', 'education.num', 'sex', 'education', 'marital.status', 'relationship', 'occupation', 'native.country', 'age']",,"{'iterations': 10000, 'learning_rate': 0.07092851311746352, 'random_seed': 0, 'allow_writing_files': False, 'eval_metric': 'Accuracy', 'depth': 4, 'grow_policy': 'Depthwise', 'l2_leaf_reg': 2.7018061518087038, 'max_ctr_complexity': 1, 'one_hot_max_size': 2}",{'iterations': 302},"{'max_memory_usage_ratio': 1.0, 'max_time_limit_ratio': 1.0, 'max_time_limit': None, 'min_time_limit': 0, 'valid_raw_types': ['bool', 'int', 'float', 'category'], 'valid_special_types': None, 'ignored_type_group_special': None, 'ignored_type_group_raw': None, 'get_features_kwargs': None, 'get_features_kwargs_extra': None, 'predict_1_batch_size': None, 'temperature_scalar': None, 'num_cpus': 16}",[],[]
CatBoost_r70_BAG_L1,0.8777791426114728,0.8727272727272727,accuracy,0.04749894142150879,0.051177024841308594,18.716614484786987,0.04749894142150879,0.051177024841308594,18.716614484786987,1,True,34,14,8,8,7876718,7876718,1763085,1763085,0,0,StackerEnsembleModel,CatBoostModel,accuracy,"{'use_orig_features': True, 'max_base_models': 25, 'max_base_models_per_type': 5, 'save_bag_folds': True}",{},"{'max_memory_usage_ratio': 1.0, 'max_time_limit_ratio': 1.0, 'max_time_limit': None, 'min_time_limit': 0, 'valid_raw_types': None, 'valid_special_types': None, 'ignored_type_group_special': None, 'ignored_type_group_raw': None, 'get_features_kwargs': None, 'get_features_kwargs_extra': None, 'predict_1_batch_size': None, 'temperature_scalar': None, 'drop_unique': False}","['hours.per.week', 'capital.gain', 'race', 'fnlwgt', 'capital.loss', 'workclass', 'education.num', 'sex', 'education', 'marital.status', 'relationship', 'occupation', 'native.country', 'age']",,"{'iterations': 10000, 'learning_rate': 0.03743901034980473, 'random_seed': 0, 'allow_writing_files': False, 'eval_metric': 'Accuracy', 'depth': 6, 'grow_policy': 'Depthwise', 'l2_leaf_reg': 1.3584121369544215, 'max_ctr_complexity': 3, 'one_hot_max_size': 2}",{'iterations': 376},"{'max_memory_usage_ratio': 1.0, 'max_time_limit_ratio': 1.0, 'max_time_limit': None, 'min_time_limit': 0, 'valid_raw_types': ['bool', 'int', 'float', 'category'], 'valid_special_types': None, 'ignored_type_group_special': None, 'ignored_type_group_raw': None, 'get_features_kwargs': None, 'get_features_kwargs_extra': None, 'predict_1_batch_size': None, 'temperature_scalar': None, 'num_cpus': 16}",[],[]
XGBoost_BAG_L1,0.8777791426114728,0.8722768222768222,accuracy,0.11591601371765137,0.1843733787536621,59.77426552772522,0.11591601371765137,0.1843733787536621,59.77426552772522,1,True,9,14,8,8,5224665,5224665,974015,974015,0,0,StackerEnsembleModel,XGBoostModel,accuracy,"{'use_orig_features': True, 'max_base_models': 25, 'max_base_models_per_type': 5, 'save_bag_folds': True}",{},"{'max_memory_usage_ratio': 1.0, 'max_time_limit_ratio': 1.0, 'max_time_limit': None, 'min_time_limit': 0, 'valid_raw_types': None, 'valid_special_types': None, 'ignored_type_group_special': None, 'ignored_type_group_raw': None, 'get_features_kwargs': None, 'get_features_kwargs_extra': None, 'predict_1_batch_size': None, 'temperature_scalar': None, 'drop_unique': False}","['hours.per.week', 'capital.gain', 'race', 'fnlwgt', 'capital.loss', 'workclass', 'education.num', 'sex', 'education', 'marital.status', 'relationship', 'occupation', 'native.country', 'age']",,"{'n_estimators': 10000, 'learning_rate': 0.1, 'n_jobs': -1, 'proc.max_category_levels': 100, 'objective': 'binary:logistic', 'booster': 'gbtree'}",{'n_estimators': 138},"{'max_memory_usage_ratio': 1.0, 'max_time_limit_ratio': 1.0, 'max_time_limit': None, 'min_time_limit': 0, 'valid_raw_types': ['bool', 'int', 'float', 'category'], 'valid_special_types': None, 'ignored_type_group_special': None, 'ignored_type_group_raw': None, 'get_features_kwargs': None, 'get_features_kwargs_extra': None, 'predict_1_batch_size': None, 'temperature_scalar': None, 'num_cpus': 16}",[],[]
XGBoost_r33_BAG_L1,0.8777791426114728,0.871007371007371,accuracy,0.27220582962036133,0.13052010536193848,9.119314432144165,0.27220582962036133,0.13052010536193848,9.119314432144165,1,True,16,14,8,8,35940580,35940580,7864234,7864234,0,0,StackerEnsembleModel,XGBoostModel,accuracy,"{'use_orig_features': True, 'max_base_models': 25, 'max_base_models_per_type': 5, 'save_bag_folds': True}",{},"{'max_memory_usage_ratio': 1.0, 'max_time_limit_ratio': 1.0, 'max_time_limit': None, 'min_time_limit': 0, 'valid_raw_types': None, 'valid_special_types': None, 'ignored_type_group_special': None, 'ignored_type_group_raw': None, 'get_features_kwargs': None, 'get_features_kwargs_extra': None, 'predict_1_batch_size': None, 'temperature_scalar': None, 'drop_unique': False}","['hours.per.week', 'capital.gain', 'race', 'fnlwgt', 'capital.loss', 'workclass', 'education.num', 'sex', 'education', 'marital.status', 'relationship', 'occupation', 'native.country', 'age']",,"{'n_estimators': 10000, 'learning_rate': 0.018063876087523967, 'n_jobs': -1, 'proc.max_category_levels': 100, 'objective': 'binary:logistic', 'booster': 'gbtree', 'colsample_bytree': 0.6917311125174739, 'enable_categorical': False, 'max_depth': 10, 'min_child_weight': 0.6028633586934382}",{'n_estimators': 375},"{'max_memory_usage_ratio': 1.0, 'max_time_limit_ratio': 1.0, 'max_time_limit': None, 'min_time_limit': 0, 'valid_raw_types': ['bool', 'int', 'float', 'category'], 'valid_special_types': None, 'ignored_type_group_special': None, 'ignored_type_group_raw': None, 'get_features_kwargs': None, 'get_features_kwargs_extra': None, 'predict_1_batch_size': None, 'temperature_scalar': None, 'num_cpus': 16}",[],[]
CatBoost_r69_BAG_L1,0.8775334725463703,0.871949221949222,accuracy,0.026526689529418945,0.03315305709838867,15.25629734992981,0.026526689529418945,0.03315305709838867,15.25629734992981,1,True,30,14,8,8,3547646,3547646,494801,494801,0,0,StackerEnsembleModel,CatBoostModel,accuracy,"{'use_orig_features': True, 'max_base_models': 25, 'max_base_models_per_type': 5, 'save_bag_folds': True}",{},"{'max_memory_usage_ratio': 1.0, 'max_time_limit_ratio': 1.0, 'max_time_limit': None, 'min_time_limit': 0, 'valid_raw_types': None, 'valid_special_types': None, 'ignored_type_group_special': None, 'ignored_type_group_raw': None, 'get_features_kwargs': None, 'get_features_kwargs_extra': None, 'predict_1_batch_size': None, 'temperature_scalar': None, 'drop_unique': False}","['hours.per.week', 'capital.gain', 'race', 'fnlwgt', 'capital.loss', 'workclass', 'education.num', 'sex', 'education', 'marital.status', 'relationship', 'occupation', 'native.country', 'age']",,"{'iterations': 10000, 'learning_rate': 0.050294288910022224, 'random_seed': 0, 'allow_writing_files': False, 'eval_metric': 'Accuracy', 'depth': 5, 'grow_policy': 'SymmetricTree', 'l2_leaf_reg': 1.0457098345001241, 'max_ctr_complexity': 5, 'one_hot_max_size': 2}",{'iterations': 297},"{'max_memory_usage_ratio': 1.0, 'max_time_limit_ratio': 1.0, 'max_time_limit': None, 'min_time_limit': 0, 'valid_raw_types': ['bool', 'int', 'float', 'category'], 'valid_special_types': None, 'ignored_type_group_special': None, 'ignored_type_group_raw': None, 'get_features_kwargs': None, 'get_features_kwargs_extra': None, 'predict_1_batch_size': None, 'temperature_scalar': None, 'num_cpus': 16}",[],[]
CatBoost_r137_BAG_L1,0.877410637513819,0.8714578214578215,accuracy,0.028908252716064453,0.033258676528930664,22.223151445388794,0.028908252716064453,0.033258676528930664,22.223151445388794,1,True,18,14,8,8,4393101,4393101,1789285,1789285,0,0,StackerEnsembleModel,CatBoostModel,accuracy,"{'use_orig_features': True, 'max_base_models': 25, 'max_base_models_per_type': 5, 'save_bag_folds': True}",{},"{'max_memory_usage_ratio': 1.0, 'max_time_limit_ratio': 1.0, 'max_time_limit': None, 'min_time_limit': 0, 'valid_raw_types': None, 'valid_special_types': None, 'ignored_type_group_special': None, 'ignored_type_group_raw': None, 'get_features_kwargs': None, 'get_features_kwargs_extra': None, 'predict_1_batch_size': None, 'temperature_scalar': None, 'drop_unique': False}","['hours.per.week', 'capital.gain', 'race', 'fnlwgt', 'capital.loss', 'workclass', 'education.num', 'sex', 'education', 'marital.status', 'relationship', 'occupation', 'native.country', 'age']",,"{'iterations': 10000, 'learning_rate': 0.04939557741379516, 'random_seed': 0, 'allow_writing_files': False, 'eval_metric': 'Accuracy', 'depth': 4, 'grow_policy': 'SymmetricTree', 'l2_leaf_reg': 4.559174625782161, 'max_ctr_complexity': 3, 'one_hot_max_size': 3}",{'iterations': 573},"{'max_memory_usage_ratio': 1.0, 'max_time_limit_ratio': 1.0, 'max_time_limit': None, 'min_time_limit': 0, 'valid_raw_types': ['bool', 'int', 'float', 'category'], 'valid_special_types': None, 'ignored_type_group_special': None, 'ignored_type_group_raw': None, 'get_features_kwargs': None, 'get_features_kwargs_extra': None, 'predict_1_batch_size': None, 'temperature_scalar': None, 'num_cpus': 16}",[],[]
CatBoost_r177_BAG_L1,0.8761822871883062,0.8723587223587224,accuracy,0.023111820220947266,0.08237886428833008,53.684914112091064,0.023111820220947266,0.08237886428833008,53.684914112091064,1,True,11,14,8,8,4520095,4520095,751681,751681,0,0,StackerEnsembleModel,CatBoostModel,accuracy,"{'use_orig_features': True, 'max_base_models': 25, 'max_base_models_per_type': 5, 'save_bag_folds': True}",{},"{'max_memory_usage_ratio': 1.0, 'max_time_limit_ratio': 1.0, 'max_time_limit': None, 'min_time_limit': 0, 'valid_raw_types': None, 'valid_special_types': None, 'ignored_type_group_special': None, 'ignored_type_group_raw': None, 'get_features_kwargs': None, 'get_features_kwargs_extra': None, 'predict_1_batch_size': None, 'temperature_scalar': None, 'drop_unique': False}","['hours.per.week', 'capital.gain', 'race', 'fnlwgt', 'capital.loss', 'workclass', 'education.num', 'sex', 'education', 'marital.status', 'relationship', 'occupation', 'native.country', 'age']",,"{'iterations': 10000, 'learning_rate': 0.06864209415792857, 'random_seed': 0, 'allow_writing_files': False, 'eval_metric': 'Accuracy', 'depth': 6, 'grow_policy': 'SymmetricTree', 'l2_leaf_reg': 2.1542798306067823, 'max_ctr_complexity': 4, 'one_hot_max_size': 10}",{'iterations': 300},"{'max_memory_usage_ratio': 1.0, 'max_time_limit_ratio': 1.0, 'max_time_limit': None, 'min_time_limit': 0, 'valid_raw_types': ['bool', 'int', 'float', 'category'], 'valid_special_types': None, 'ignored_type_group_special': None, 'ignored_type_group_raw': None, 'get_features_kwargs': None, 'get_features_kwargs_extra': None, 'predict_1_batch_size': None, 'temperature_scalar': None, 'num_cpus': 16}",[],[]
CatBoost_r9_BAG_L1,0.8761822871883062,0.8726453726453727,accuracy,0.05765366554260254,0.05578327178955078,24.260401248931885,0.05765366554260254,0.05578327178955078,24.260401248931885,1,True,14,14,8,8,17663499,17663499,3404321,3404321,0,0,StackerEnsembleModel,CatBoostModel,accuracy,"{'use_orig_features': True, 'max_base_models': 25, 'max_base_models_per_type': 5, 'save_bag_folds': True}",{},"{'max_memory_usage_ratio': 1.0, 'max_time_limit_ratio': 1.0, 'max_time_limit': None, 'min_time_limit': 0, 'valid_raw_types': None, 'valid_special_types': None, 'ignored_type_group_special': None, 'ignored_type_group_raw': None, 'get_features_kwargs': None, 'get_features_kwargs_extra': None, 'predict_1_batch_size': None, 'temperature_scalar': None, 'drop_unique': False}","['hours.per.week', 'capital.gain', 'race', 'fnlwgt', 'capital.loss', 'workclass', 'education.num', 'sex', 'education', 'marital.status', 'relationship', 'occupation', 'native.country', 'age']",,"{'iterations': 10000, 'learning_rate': 0.031375015734637225, 'random_seed': 0, 'allow_writing_files': False, 'eval_metric': 'Accuracy', 'depth': 8, 'grow_policy': 'Depthwise', 'l2_leaf_reg': 2.7997999596449104, 'max_ctr_complexity': 2, 'one_hot_max_size': 3}",{'iterations': 334},"{'max_memory_usage_ratio': 1.0, 'max_time_limit_ratio': 1.0, 'max_time_limit': None, 'min_time_limit': 0, 'valid_raw_types': ['bool', 'int', 'float', 'category'], 'valid_special_types': None, 'ignored_type_group_special': None, 'ignored_type_group_raw': None, 'get_features_kwargs': None, 'get_features_kwargs_extra': None, 'predict_1_batch_size': None, 'temperature_scalar': None, 'num_cpus': 16}",[],[]
CatBoost_r13_BAG_L1,0.8747082667976906,0.8685094185094185,accuracy,0.03640604019165039,0.03828001022338867,38.85998320579529,0.03640604019165039,0.03828001022338867,38.85998320579529,1,True,20,14,8,8,26827656,26827656,8015997,8015997,0,0,StackerEnsembleModel,CatBoostModel,accuracy,"{'use_orig_features': True, 'max_base_models': 25, 'max_base_models_per_type': 5, 'save_bag_folds': True}",{},"{'max_memory_usage_ratio': 1.0, 'max_time_limit_ratio': 1.0, 'max_time_limit': None, 'min_time_limit': 0, 'valid_raw_types': None, 'valid_special_types': None, 'ignored_type_group_special': None, 'ignored_type_group_raw': None, 'get_features_kwargs': None, 'get_features_kwargs_extra': None, 'predict_1_batch_size': None, 'temperature_scalar': None, 'drop_unique': False}","['hours.per.week', 'capital.gain', 'race', 'fnlwgt', 'capital.loss', 'workclass', 'education.num', 'sex', 'education', 'marital.status', 'relationship', 'occupation', 'native.country', 'age']",,"{'iterations': 10000, 'learning_rate': 0.017301189655111057, 'random_seed': 0, 'allow_writing_files': False, 'eval_metric': 'Accuracy', 'depth': 8, 'grow_policy': 'SymmetricTree', 'l2_leaf_reg': 3.3274013177541373, 'max_ctr_complexity': 5, 'one_hot_max_size': 10}",{'iterations': 685},"{'max_memory_usage_ratio': 1.0, 'max_time_limit_ratio': 1.0, 'max_time_limit': None, 'min_time_limit': 0, 'valid_raw_types': ['bool', 'int', 'float', 'category'], 'valid_special_types': None, 'ignored_type_group_special': None, 'ignored_type_group_raw': None, 'get_features_kwargs': None, 'get_features_kwargs_extra': None, 'predict_1_batch_size': None, 'temperature_scalar': None, 'num_cpus': 16}",[],[]
NeuralNetFastAI_r102_BAG_L1,0.8651271342586906,0.8574529074529075,accuracy,0.14710521697998047,0.10463142395019531,21.107478380203247,0.14710521697998047,0.10463142395019531,21.107478380203247,1,True,19,14,8,8,1480908,1480908,188085,188085,0,0,StackerEnsembleModel,NNFastAiTabularModel,accuracy,"{'use_orig_features': True, 'max_base_models': 25, 'max_base_models_per_type': 5, 'save_bag_folds': True}",{},"{'max_memory_usage_ratio': 1.0, 'max_time_limit_ratio': 1.0, 'max_time_limit': None, 'min_time_limit': 0, 'valid_raw_types': None, 'valid_special_types': None, 'ignored_type_group_special': None, 'ignored_type_group_raw': None, 'get_features_kwargs': None, 'get_features_kwargs_extra': None, 'predict_1_batch_size': None, 'temperature_scalar': None, 'drop_unique': False}","['hours.per.week', 'capital.gain', 'race', 'fnlwgt', 'capital.loss', 'workclass', 'education.num', 'sex', 'education', 'marital.status', 'relationship', 'occupation', 'native.country', 'age']",,"{'layers': [200, 100], 'emb_drop': 0.05070411322605811, 'ps': 0.10393466140748028, 'bs': 2048, 'lr': 0.08974235041576624, 'epochs': 29, 'early.stopping.min_delta': 0.0001, 'early.stopping.patience': 20, 'smoothing': 0.0}","{'epochs': 29, 'best_epoch': 12}","{'max_memory_usage_ratio': 1.0, 'max_time_limit_ratio': 1.0, 'max_time_limit': None, 'min_time_limit': 0, 'valid_raw_types': ['bool', 'int', 'float', 'category'], 'valid_special_types': None, 'ignored_type_group_special': ['text_ngram', 'text_as_category'], 'ignored_type_group_raw': None, 'get_features_kwargs': None, 'get_features_kwargs_extra': None, 'predict_1_batch_size': None, 'temperature_scalar': None, 'num_cpus': 16}",[],[]
ExtraTrees_r172_BAG_L1,0.864881464193588,0.8585995085995086,accuracy,0.07053613662719727,0.46285223960876465,0.4530301094055176,0.07053613662719727,0.46285223960876465,0.4530301094055176,1,True,29,14,1,1,72183205,72183205,72183205,72183205,0,0,StackerEnsembleModel,XTModel,accuracy,"{'use_orig_features': True, 'max_base_models': 25, 'max_base_models_per_type': 5, 'save_bag_folds': True, 'use_child_oof': True}",{},"{'max_memory_usage_ratio': 1.0, 'max_time_limit_ratio': 1.0, 'max_time_limit': None, 'min_time_limit': 0, 'valid_raw_types': None, 'valid_special_types': None, 'ignored_type_group_special': None, 'ignored_type_group_raw': None, 'get_features_kwargs': None, 'get_features_kwargs_extra': None, 'predict_1_batch_size': None, 'temperature_scalar': None, 'drop_unique': False}","['hours.per.week', 'capital.gain', 'race', 'fnlwgt', 'capital.loss', 'workclass', 'education.num', 'sex', 'education', 'marital.status', 'relationship', 'occupation', 'native.country', 'age']",,"{'n_estimators': 300, 'max_leaf_nodes': 12845, 'n_jobs': -1, 'random_state': 0, 'bootstrap': True, 'max_features': 1.0, 'min_samples_leaf': 4}",{'n_estimators': 300},"{'max_memory_usage_ratio': 1.0, 'max_time_limit_ratio': 1.0, 'max_time_limit': None, 'min_time_limit': 0, 'valid_raw_types': ['bool', 'int', 'float', 'category'], 'valid_special_types': None, 'ignored_type_group_special': None, 'ignored_type_group_raw': None, 'get_features_kwargs': None, 'get_features_kwargs_extra': None, 'predict_1_batch_size': None, 'temperature_scalar': None, 'num_cpus': 16}",[],[]
NeuralNetTorch_r86_BAG_L1,0.8645129590959342,0.8572072072072072,accuracy,0.19290494918823242,0.15733718872070312,86.22163319587708,0.19290494918823242,0.15733718872070312,86.22163319587708,1,True,25,14,8,8,3046401,3046401,383579,383579,0,0,StackerEnsembleModel,TabularNeuralNetTorchModel,accuracy,"{'use_orig_features': True, 'max_base_models': 25, 'max_base_models_per_type': 5, 'save_bag_folds': True}",{},"{'max_memory_usage_ratio': 1.0, 'max_time_limit_ratio': 1.0, 'max_time_limit': None, 'min_time_limit': 0, 'valid_raw_types': None, 'valid_special_types': None, 'ignored_type_group_special': None, 'ignored_type_group_raw': None, 'get_features_kwargs': None, 'get_features_kwargs_extra': None, 'predict_1_batch_size': None, 'temperature_scalar': None, 'drop_unique': False}","['hours.per.week', 'capital.gain', 'race', 'fnlwgt', 'capital.loss', 'workclass', 'education.num', 'sex', 'education', 'marital.status', 'relationship', 'occupation', 'native.country', 'age']",,"{'num_epochs': 500, 'epochs_wo_improve': 20, 'activation': 'relu', 'embedding_size_factor': 1.0, 'embed_exponent': 0.56, 'max_embedding_dim': 100, 'y_range': None, 'y_range_extend': 0.05, 'dropout_prob': 0.09976801642258049, 'optimizer': 'adam', 'learning_rate': 0.001631450730978947, 'weight_decay': 3.867683394425807e-05, 'proc.embed_min_categories': 4, 'proc.impute_strategy': 'median', 'proc.max_category_levels': 100, 'proc.skew_threshold': 0.99, 'use_ngram_features': False, 'num_layers': 5, 'hidden_size': 135, 'max_batch_size': 512, 'use_batchnorm': False, 'loss_function': 'auto'}","{'batch_size': 128, 'num_epochs': 18}","{'max_memory_usage_ratio': 1.0, 'max_time_limit_ratio': 1.0, 'max_time_limit': None, 'min_time_limit': 0, 'valid_raw_types': ['bool', 'int', 'float', 'category'], 'valid_special_types': None, 'ignored_type_group_special': ['text_ngram', 'text_as_category'], 'ignored_type_group_raw': None, 'get_features_kwargs': None, 'get_features_kwargs_extra': None, 'predict_1_batch_size': None, 'temperature_scalar': None, 'num_cpus': 16}",[],[]
NeuralNetFastAI_r156_BAG_L1,0.864021618965729,0.8594594594594595,accuracy,0.14638352394104004,0.12824249267578125,27.423038482666016,0.14638352394104004,0.12824249267578125,27.423038482666016,1,True,35,14,8,8,1241416,1241416,159211,159211,0,0,StackerEnsembleModel,NNFastAiTabularModel,accuracy,"{'use_orig_features': True, 'max_base_models': 25, 'max_base_models_per_type': 5, 'save_bag_folds': True}",{},"{'max_memory_usage_ratio': 1.0, 'max_time_limit_ratio': 1.0, 'max_time_limit': None, 'min_time_limit': 0, 'valid_raw_types': None, 'valid_special_types': None, 'ignored_type_group_special': None, 'ignored_type_group_raw': None, 'get_features_kwargs': None, 'get_features_kwargs_extra': None, 'predict_1_batch_size': None, 'temperature_scalar': None, 'drop_unique': False}","['hours.per.week', 'capital.gain', 'race', 'fnlwgt', 'capital.loss', 'workclass', 'education.num', 'sex', 'education', 'marital.status', 'relationship', 'occupation', 'native.country', 'age']",,"{'layers': [400], 'emb_drop': 0.5055288166864152, 'ps': 0.06572612802222005, 'bs': 2048, 'lr': 0.0047762208542912405, 'epochs': 44, 'early.stopping.min_delta': 0.0001, 'early.stopping.patience': 20, 'smoothing': 0.0}","{'epochs': 44, 'best_epoch': 21}","{'max_memory_usage_ratio': 1.0, 'max_time_limit_ratio': 1.0, 'max_time_limit': None, 'min_time_limit': 0, 'valid_raw_types': ['bool', 'int', 'float', 'category'], 'valid_special_types': None, 'ignored_type_group_special': ['text_ngram', 'text_as_category'], 'ignored_type_group_raw': None, 'get_features_kwargs': None, 'get_features_kwargs_extra': None, 'predict_1_batch_size': None, 'temperature_scalar': None, 'num_cpus': 16}",[],[]
RandomForest_r39_BAG_L1,0.8638987839331778,0.8537674037674038,accuracy,0.07373690605163574,0.44756484031677246,0.8478927612304688,0.07373690605163574,0.44756484031677246,0.8478927612304688,1,True,36,14,1,1,96931782,96931782,96931782,96931782,0,0,StackerEnsembleModel,RFModel,accuracy,"{'use_orig_features': True, 'max_base_models': 25, 'max_base_models_per_type': 5, 'save_bag_folds': True, 'use_child_oof': True}",{},"{'max_memory_usage_ratio': 1.0, 'max_time_limit_ratio': 1.0, 'max_time_limit': None, 'min_time_limit': 0, 'valid_raw_types': None, 'valid_special_types': None, 'ignored_type_group_special': None, 'ignored_type_group_raw': None, 'get_features_kwargs': None, 'get_features_kwargs_extra': None, 'predict_1_batch_size': None, 'temperature_scalar': None, 'drop_unique': False}","['hours.per.week', 'capital.gain', 'race', 'fnlwgt', 'capital.loss', 'workclass', 'education.num', 'sex', 'education', 'marital.status', 'relationship', 'occupation', 'native.country', 'age']",,"{'n_estimators': 300, 'max_leaf_nodes': 28310, 'n_jobs': -1, 'random_state': 0, 'bootstrap': True, 'max_features': 0.75, 'min_samples_leaf': 2}",{'n_estimators': 300},"{'max_memory_usage_ratio': 1.0, 'max_time_limit_ratio': 1.0, 'max_time_limit': None, 'min_time_limit': 0, 'valid_raw_types': ['bool', 'int', 'float', 'category'], 'valid_special_types': None, 'ignored_type_group_special': None, 'ignored_type_group_raw': None, 'get_features_kwargs': None, 'get_features_kwargs_extra': None, 'predict_1_batch_size': None, 'temperature_scalar': None, 'num_cpus': 16}",[],[]
NeuralNetTorch_r22_BAG_L1,0.8634074438029726,0.8567567567567568,accuracy,0.2411959171295166,0.21082353591918945,135.03212666511536,0.2411959171295166,0.21082353591918945,135.03212666511536,1,True,15,14,8,8,5199337,5199337,652735,652735,0,0,StackerEnsembleModel,TabularNeuralNetTorchModel,accuracy,"{'use_orig_features': True, 'max_base_models': 25, 'max_base_models_per_type': 5, 'save_bag_folds': True}",{},"{'max_memory_usage_ratio': 1.0, 'max_time_limit_ratio': 1.0, 'max_time_limit': None, 'min_time_limit': 0, 'valid_raw_types': None, 'valid_special_types': None, 'ignored_type_group_special': None, 'ignored_type_group_raw': None, 'get_features_kwargs': None, 'get_features_kwargs_extra': None, 'predict_1_batch_size': None, 'temperature_scalar': None, 'drop_unique': False}","['hours.per.week', 'capital.gain', 'race', 'fnlwgt', 'capital.loss', 'workclass', 'education.num', 'sex', 'education', 'marital.status', 'relationship', 'occupation', 'native.country', 'age']",,"{'num_epochs': 500, 'epochs_wo_improve': 20, 'activation': 'elu', 'embedding_size_factor': 1.0, 'embed_exponent': 0.56, 'max_embedding_dim': 100, 'y_range': None, 'y_range_extend': 0.05, 'dropout_prob': 0.11897478034205347, 'optimizer': 'adam', 'learning_rate': 0.0010474382260641949, 'weight_decay': 5.594471067786272e-10, 'proc.embed_min_categories': 4, 'proc.impute_strategy': 'median', 'proc.max_category_levels': 100, 'proc.skew_threshold': 0.99, 'use_ngram_features': False, 'num_layers': 4, 'hidden_size': 213, 'max_batch_size': 512, 'use_batchnorm': False, 'loss_function': 'auto'}","{'batch_size': 128, 'num_epochs': 29}","{'max_memory_usage_ratio': 1.0, 'max_time_limit_ratio': 1.0, 'max_time_limit': None, 'min_time_limit': 0, 'valid_raw_types': ['bool', 'int', 'float', 'category'], 'valid_special_types': None, 'ignored_type_group_special': ['text_ngram', 'text_as_category'], 'ignored_type_group_raw': None, 'get_features_kwargs': None, 'get_features_kwargs_extra': None, 'predict_1_batch_size': None, 'temperature_scalar': None, 'num_cpus': 16}",[],[]
NeuralNetFastAI_BAG_L1,0.8624247635425624,0.8557330057330057,accuracy,0.5187385082244873,5.580274343490601,2535.18967962265,0.5187385082244873,5.580274343490601,2535.18967962265,1,True,8,14,8,8,2027192,2027192,262767,262767,0,0,StackerEnsembleModel,NNFastAiTabularModel,accuracy,"{'use_orig_features': True, 'max_base_models': 25, 'max_base_models_per_type': 5, 'save_bag_folds': True}",{},"{'max_memory_usage_ratio': 1.0, 'max_time_limit_ratio': 1.0, 'max_time_limit': None, 'min_time_limit': 0, 'valid_raw_types': None, 'valid_special_types': None, 'ignored_type_group_special': None, 'ignored_type_group_raw': None, 'get_features_kwargs': None, 'get_features_kwargs_extra': None, 'predict_1_batch_size': None, 'temperature_scalar': None, 'drop_unique': False}","['hours.per.week', 'capital.gain', 'race', 'fnlwgt', 'capital.loss', 'workclass', 'education.num', 'sex', 'education', 'marital.status', 'relationship', 'occupation', 'native.country', 'age']",,"{'layers': None, 'emb_drop': 0.1, 'ps': 0.1, 'bs': 'auto', 'lr': 0.01, 'epochs': 'auto', 'early.stopping.min_delta': 0.0001, 'early.stopping.patience': 20, 'smoothing': 0.0}","{'epochs': 28, 'best_epoch': 10}","{'max_memory_usage_ratio': 1.0, 'max_time_limit_ratio': 1.0, 'max_time_limit': None, 'min_time_limit': 0, 'valid_raw_types': ['bool', 'int', 'float', 'category'], 'valid_special_types': None, 'ignored_type_group_special': ['text_ngram', 'text_as_category'], 'ignored_type_group_raw': None, 'get_features_kwargs': None, 'get_features_kwargs_extra': None, 'predict_1_batch_size': None, 'temperature_scalar': None, 'num_cpus': 16}",[],[]
RandomForestGini_BAG_L1,0.8619334234123572,0.8534398034398034,accuracy,0.08519697189331055,0.5765213966369629,1.28212571144104,0.08519697189331055,0.5765213966369629,1.28212571144104,1,True,3,14,1,1,173131771,173131771,173131771,173131771,0,0,StackerEnsembleModel,RFModel,accuracy,"{'use_orig_features': True, 'max_base_models': 25, 'max_base_models_per_type': 5, 'save_bag_folds': True, 'use_child_oof': True}",{},"{'max_memory_usage_ratio': 1.0, 'max_time_limit_ratio': 1.0, 'max_time_limit': None, 'min_time_limit': 0, 'valid_raw_types': None, 'valid_special_types': None, 'ignored_type_group_special': None, 'ignored_type_group_raw': None, 'get_features_kwargs': None, 'get_features_kwargs_extra': None, 'predict_1_batch_size': None, 'temperature_scalar': None, 'drop_unique': False}","['hours.per.week', 'capital.gain', 'race', 'fnlwgt', 'capital.loss', 'workclass', 'education.num', 'sex', 'education', 'marital.status', 'relationship', 'occupation', 'native.country', 'age']",,"{'n_estimators': 300, 'max_leaf_nodes': 15000, 'n_jobs': -1, 'random_state': 0, 'bootstrap': True, 'criterion': 'gini'}",{'n_estimators': 300},"{'max_memory_usage_ratio': 1.0, 'max_time_limit_ratio': 1.0, 'max_time_limit': None, 'min_time_limit': 0, 'valid_raw_types': ['bool', 'int', 'float', 'category'], 'valid_special_types': None, 'ignored_type_group_special': None, 'ignored_type_group_raw': None, 'get_features_kwargs': None, 'get_features_kwargs_extra': None, 'predict_1_batch_size': None, 'temperature_scalar': None, 'num_cpus': 16}",[],[]
NeuralNetFastAI_r191_BAG_L1,0.8619334234123572,0.8568796068796068,accuracy,0.592045783996582,2.774766683578491,1366.4558537006378,0.592045783996582,2.774766683578491,1366.4558537006378,1,True,13,14,8,8,12823944,12823944,1650834,1650834,0,0,StackerEnsembleModel,NNFastAiTabularModel,accuracy,"{'use_orig_features': True, 'max_base_models': 25, 'max_base_models_per_type': 5, 'save_bag_folds': True}",{},"{'max_memory_usage_ratio': 1.0, 'max_time_limit_ratio': 1.0, 'max_time_limit': None, 'min_time_limit': 0, 'valid_raw_types': None, 'valid_special_types': None, 'ignored_type_group_special': None, 'ignored_type_group_raw': None, 'get_features_kwargs': None, 'get_features_kwargs_extra': None, 'predict_1_batch_size': None, 'temperature_scalar': None, 'drop_unique': False}","['hours.per.week', 'capital.gain', 'race', 'fnlwgt', 'capital.loss', 'workclass', 'education.num', 'sex', 'education', 'marital.status', 'relationship', 'occupation', 'native.country', 'age']",,"{'layers': [800, 400], 'emb_drop': 0.5411770367537934, 'ps': 0.23782946566604385, 'bs': 256, 'lr': 0.01519848858318159, 'epochs': 43, 'early.stopping.min_delta': 0.0001, 'early.stopping.patience': 20, 'smoothing': 0.0}","{'epochs': 43, 'best_epoch': 12}","{'max_memory_usage_ratio': 1.0, 'max_time_limit_ratio': 1.0, 'max_time_limit': None, 'min_time_limit': 0, 'valid_raw_types': ['bool', 'int', 'float', 'category'], 'valid_special_types': None, 'ignored_type_group_special': ['text_ngram', 'text_as_category'], 'ignored_type_group_raw': None, 'get_features_kwargs': None, 'get_features_kwargs_extra': None, 'predict_1_batch_size': None, 'temperature_scalar': None, 'num_cpus': 16}",[],[]
RandomForest_r195_BAG_L1,0.8615649183147034,0.8515151515151516,accuracy,0.0816957950592041,0.4563429355621338,0.9490716457366943,0.0816957950592041,0.4563429355621338,0.9490716457366943,1,True,21,14,1,1,123027190,123027190,123027190,123027190,0,0,StackerEnsembleModel,RFModel,accuracy,"{'use_orig_features': True, 'max_base_models': 25, 'max_base_models_per_type': 5, 'save_bag_folds': True, 'use_child_oof': True}",{},"{'max_memory_usage_ratio': 1.0, 'max_time_limit_ratio': 1.0, 'max_time_limit': None, 'min_time_limit': 0, 'valid_raw_types': None, 'valid_special_types': None, 'ignored_type_group_special': None, 'ignored_type_group_raw': None, 'get_features_kwargs': None, 'get_features_kwargs_extra': None, 'predict_1_batch_size': None, 'temperature_scalar': None, 'drop_unique': False}","['hours.per.week', 'capital.gain', 'race', 'fnlwgt', 'capital.loss', 'workclass', 'education.num', 'sex', 'education', 'marital.status', 'relationship', 'occupation', 'native.country', 'age']",,"{'n_estimators': 300, 'max_leaf_nodes': 37308, 'n_jobs': -1, 'random_state': 0, 'bootstrap': True, 'max_features': 0.75, 'min_samples_leaf': 1}",{'n_estimators': 300},"{'max_memory_usage_ratio': 1.0, 'max_time_limit_ratio': 1.0, 'max_time_limit': None, 'min_time_limit': 0, 'valid_raw_types': ['bool', 'int', 'float', 'category'], 'valid_special_types': None, 'ignored_type_group_special': None, 'ignored_type_group_raw': None, 'get_features_kwargs': None, 'get_features_kwargs_extra': None, 'predict_1_batch_size': None, 'temperature_scalar': None, 'num_cpus': 16}",[],[]
NeuralNetTorch_BAG_L1,0.8614420832821521,0.8558149058149058,accuracy,0.17402267456054688,3.209822177886963,2611.0183901786804,0.17402267456054688,3.209822177886963,2611.0183901786804,1,True,10,14,8,8,2260525,2260525,285334,285334,0,0,StackerEnsembleModel,TabularNeuralNetTorchModel,accuracy,"{'use_orig_features': True, 'max_base_models': 25, 'max_base_models_per_type': 5, 'save_bag_folds': True}",{},"{'max_memory_usage_ratio': 1.0, 'max_time_limit_ratio': 1.0, 'max_time_limit': None, 'min_time_limit': 0, 'valid_raw_types': None, 'valid_special_types': None, 'ignored_type_group_special': None, 'ignored_type_group_raw': None, 'get_features_kwargs': None, 'get_features_kwargs_extra': None, 'predict_1_batch_size': None, 'temperature_scalar': None, 'drop_unique': False}","['hours.per.week', 'capital.gain', 'race', 'fnlwgt', 'capital.loss', 'workclass', 'education.num', 'sex', 'education', 'marital.status', 'relationship', 'occupation', 'native.country', 'age']",,"{'num_epochs': 500, 'epochs_wo_improve': 20, 'activation': 'relu', 'embedding_size_factor': 1.0, 'embed_exponent': 0.56, 'max_embedding_dim': 100, 'y_range': None, 'y_range_extend': 0.05, 'dropout_prob': 0.1, 'optimizer': 'adam', 'learning_rate': 0.0003, 'weight_decay': 1e-06, 'proc.embed_min_categories': 4, 'proc.impute_strategy': 'median', 'proc.max_category_levels': 100, 'proc.skew_threshold': 0.99, 'use_ngram_features': False, 'num_layers': 4, 'hidden_size': 128, 'max_batch_size': 512, 'use_batchnorm': False, 'loss_function': 'auto'}","{'batch_size': 128, 'num_epochs': 23}","{'max_memory_usage_ratio': 1.0, 'max_time_limit_ratio': 1.0, 'max_time_limit': None, 'min_time_limit': 0, 'valid_raw_types': ['bool', 'int', 'float', 'category'], 'valid_special_types': None, 'ignored_type_group_special': ['text_ngram', 'text_as_category'], 'ignored_type_group_raw': None, 'get_features_kwargs': None, 'get_features_kwargs_extra': None, 'predict_1_batch_size': None, 'temperature_scalar': None, 'num_cpus': 16}",[],[]
RandomForestEntr_BAG_L1,0.8605822380542931,0.8551597051597052,accuracy,0.08994579315185547,0.5749204158782959,1.3644282817840576,0.08994579315185547,0.5749204158782959,1.3644282817840576,1,True,4,14,1,1,169198179,169198179,169198179,169198179,0,0,StackerEnsembleModel,RFModel,accuracy,"{'use_orig_features': True, 'max_base_models': 25, 'max_base_models_per_type': 5, 'save_bag_folds': True, 'use_child_oof': True}",{},"{'max_memory_usage_ratio': 1.0, 'max_time_limit_ratio': 1.0, 'max_time_limit': None, 'min_time_limit': 0, 'valid_raw_types': None, 'valid_special_types': None, 'ignored_type_group_special': None, 'ignored_type_group_raw': None, 'get_features_kwargs': None, 'get_features_kwargs_extra': None, 'predict_1_batch_size': None, 'temperature_scalar': None, 'drop_unique': False}","['hours.per.week', 'capital.gain', 'race', 'fnlwgt', 'capital.loss', 'workclass', 'education.num', 'sex', 'education', 'marital.status', 'relationship', 'occupation', 'native.country', 'age']",,"{'n_estimators': 300, 'max_leaf_nodes': 15000, 'n_jobs': -1, 'random_state': 0, 'bootstrap': True, 'criterion': 'entropy'}",{'n_estimators': 300},"{'max_memory_usage_ratio': 1.0, 'max_time_limit_ratio': 1.0, 'max_time_limit': None, 'min_time_limit': 0, 'valid_raw_types': ['bool', 'int', 'float', 'category'], 'valid_special_types': None, 'ignored_type_group_special': None, 'ignored_type_group_raw': None, 'get_features_kwargs': None, 'get_features_kwargs_extra': None, 'predict_1_batch_size': None, 'temperature_scalar': None, 'num_cpus': 16}",[],[]
NeuralNetFastAI_r143_BAG_L1,0.8604594030217418,0.8577805077805077,accuracy,0.21022963523864746,0.13770461082458496,33.849841356277466,0.21022963523864746,0.13770461082458496,33.849841356277466,1,True,33,14,8,8,1780973,1780973,227934,227934,0,0,StackerEnsembleModel,NNFastAiTabularModel,accuracy,"{'use_orig_features': True, 'max_base_models': 25, 'max_base_models_per_type': 5, 'save_bag_folds': True}",{},"{'max_memory_usage_ratio': 1.0, 'max_time_limit_ratio': 1.0, 'max_time_limit': None, 'min_time_limit': 0, 'valid_raw_types': None, 'valid_special_types': None, 'ignored_type_group_special': None, 'ignored_type_group_raw': None, 'get_features_kwargs': None, 'get_features_kwargs_extra': None, 'predict_1_batch_size': None, 'temperature_scalar': None, 'drop_unique': False}","['hours.per.week', 'capital.gain', 'race', 'fnlwgt', 'capital.loss', 'workclass', 'education.num', 'sex', 'education', 'marital.status', 'relationship', 'occupation', 'native.country', 'age']",,"{'layers': [200, 100, 50], 'emb_drop': 0.6239200452002372, 'ps': 0.670815151683455, 'bs': 1024, 'lr': 0.07170321592506483, 'epochs': 39, 'early.stopping.min_delta': 0.0001, 'early.stopping.patience': 20, 'smoothing': 0.0}","{'epochs': 39, 'best_epoch': 18}","{'max_memory_usage_ratio': 1.0, 'max_time_limit_ratio': 1.0, 'max_time_limit': None, 'min_time_limit': 0, 'valid_raw_types': ['bool', 'int', 'float', 'category'], 'valid_special_types': None, 'ignored_type_group_special': ['text_ngram', 'text_as_category'], 'ignored_type_group_raw': None, 'get_features_kwargs': None, 'get_features_kwargs_extra': None, 'predict_1_batch_size': None, 'temperature_scalar': None, 'num_cpus': 16}",[],[]
NeuralNetFastAI_r103_BAG_L1,0.860090897924088,0.8561425061425061,accuracy,0.5443944931030273,0.29119110107421875,96.07409405708313,0.5443944931030273,0.29119110107421875,96.07409405708313,1,True,31,14,8,8,4543490,4543490,598485,598485,0,0,StackerEnsembleModel,NNFastAiTabularModel,accuracy,"{'use_orig_features': True, 'max_base_models': 25, 'max_base_models_per_type': 5, 'save_bag_folds': True}",{},"{'max_memory_usage_ratio': 1.0, 'max_time_limit_ratio': 1.0, 'max_time_limit': None, 'min_time_limit': 0, 'valid_raw_types': None, 'valid_special_types': None, 'ignored_type_group_special': None, 'ignored_type_group_raw': None, 'get_features_kwargs': None, 'get_features_kwargs_extra': None, 'predict_1_batch_size': None, 'temperature_scalar': None, 'drop_unique': False}","['hours.per.week', 'capital.gain', 'race', 'fnlwgt', 'capital.loss', 'workclass', 'education.num', 'sex', 'education', 'marital.status', 'relationship', 'occupation', 'native.country', 'age']",,"{'layers': [400, 200], 'emb_drop': 0.1508701680951814, 'ps': 0.19110623090573325, 'bs': 256, 'lr': 0.08794353125787312, 'epochs': 46, 'early.stopping.min_delta': 0.0001, 'early.stopping.patience': 20, 'smoothing': 0.0}","{'epochs': 46, 'best_epoch': 16}","{'max_memory_usage_ratio': 1.0, 'max_time_limit_ratio': 1.0, 'max_time_limit': None, 'min_time_limit': 0, 'valid_raw_types': ['bool', 'int', 'float', 'category'], 'valid_special_types': None, 'ignored_type_group_special': ['text_ngram', 'text_as_category'], 'ignored_type_group_raw': None, 'get_features_kwargs': None, 'get_features_kwargs_extra': None, 'predict_1_batch_size': None, 'temperature_scalar': None, 'num_cpus': 16}",[],[]
NeuralNetFastAI_r145_BAG_L1,0.8595995577938829,0.8571662571662572,accuracy,0.9672918319702148,0.4260077476501465,150.96148705482483,0.9672918319702148,0.4260077476501465,150.96148705482483,1,True,22,14,8,8,5785132,5785132,727227,727227,0,0,StackerEnsembleModel,NNFastAiTabularModel,accuracy,"{'use_orig_features': True, 'max_base_models': 25, 'max_base_models_per_type': 5, 'save_bag_folds': True}",{},"{'max_memory_usage_ratio': 1.0, 'max_time_limit_ratio': 1.0, 'max_time_limit': None, 'min_time_limit': 0, 'valid_raw_types': None, 'valid_special_types': None, 'ignored_type_group_special': None, 'ignored_type_group_raw': None, 'get_features_kwargs': None, 'get_features_kwargs_extra': None, 'predict_1_batch_size': None, 'temperature_scalar': None, 'drop_unique': False}","['hours.per.week', 'capital.gain', 'race', 'fnlwgt', 'capital.loss', 'workclass', 'education.num', 'sex', 'education', 'marital.status', 'relationship', 'occupation', 'native.country', 'age']",,"{'layers': [400, 200, 100], 'emb_drop': 0.44339037504795686, 'ps': 0.19220253419114286, 'bs': 128, 'lr': 0.008615195908919904, 'epochs': 31, 'early.stopping.min_delta': 0.0001, 'early.stopping.patience': 20, 'smoothing': 0.0}","{'epochs': 31, 'best_epoch': 21}","{'max_memory_usage_ratio': 1.0, 'max_time_limit_ratio': 1.0, 'max_time_limit': None, 'min_time_limit': 0, 'valid_raw_types': ['bool', 'int', 'float', 'category'], 'valid_special_types': None, 'ignored_type_group_special': ['text_ngram', 'text_as_category'], 'ignored_type_group_raw': None, 'get_features_kwargs': None, 'get_features_kwargs_extra': None, 'predict_1_batch_size': None, 'temperature_scalar': None, 'num_cpus': 16}",[],[]
ExtraTrees_r42_BAG_L1,0.8581255374032674,0.8495495495495495,accuracy,0.0929257869720459,0.5027763843536377,0.49272823333740234,0.0929257869720459,0.5027763843536377,0.49272823333740234,1,True,17,14,1,1,198708941,198708941,198708941,198708941,0,0,StackerEnsembleModel,XTModel,accuracy,"{'use_orig_features': True, 'max_base_models': 25, 'max_base_models_per_type': 5, 'save_bag_folds': True, 'use_child_oof': True}",{},"{'max_memory_usage_ratio': 1.0, 'max_time_limit_ratio': 1.0, 'max_time_limit': None, 'min_time_limit': 0, 'valid_raw_types': None, 'valid_special_types': None, 'ignored_type_group_special': None, 'ignored_type_group_raw': None, 'get_features_kwargs': None, 'get_features_kwargs_extra': None, 'predict_1_batch_size': None, 'temperature_scalar': None, 'drop_unique': False}","['hours.per.week', 'capital.gain', 'race', 'fnlwgt', 'capital.loss', 'workclass', 'education.num', 'sex', 'education', 'marital.status', 'relationship', 'occupation', 'native.country', 'age']",,"{'n_estimators': 300, 'max_leaf_nodes': 18392, 'n_jobs': -1, 'random_state': 0, 'bootstrap': True, 'max_features': 0.75, 'min_samples_leaf': 1}",{'n_estimators': 300},"{'max_memory_usage_ratio': 1.0, 'max_time_limit_ratio': 1.0, 'max_time_limit': None, 'min_time_limit': 0, 'valid_raw_types': ['bool', 'int', 'float', 'category'], 'valid_special_types': None, 'ignored_type_group_special': None, 'ignored_type_group_raw': None, 'get_features_kwargs': None, 'get_features_kwargs_extra': None, 'predict_1_batch_size': None, 'temperature_scalar': None, 'num_cpus': 16}",[],[]
NeuralNetFastAI_r11_BAG_L1,0.8572656921754084,0.8548730548730549,accuracy,1.0041601657867432,0.48737406730651855,185.35739135742188,1.0041601657867432,0.48737406730651855,185.35739135742188,1,True,27,14,8,8,13614294,13614294,1704459,1704459,0,0,StackerEnsembleModel,NNFastAiTabularModel,accuracy,"{'use_orig_features': True, 'max_base_models': 25, 'max_base_models_per_type': 5, 'save_bag_folds': True}",{},"{'max_memory_usage_ratio': 1.0, 'max_time_limit_ratio': 1.0, 'max_time_limit': None, 'min_time_limit': 0, 'valid_raw_types': None, 'valid_special_types': None, 'ignored_type_group_special': None, 'ignored_type_group_raw': None, 'get_features_kwargs': None, 'get_features_kwargs_extra': None, 'predict_1_batch_size': None, 'temperature_scalar': None, 'drop_unique': False}","['hours.per.week', 'capital.gain', 'race', 'fnlwgt', 'capital.loss', 'workclass', 'education.num', 'sex', 'education', 'marital.status', 'relationship', 'occupation', 'native.country', 'age']",,"{'layers': [800, 400], 'emb_drop': 0.026897798530914306, 'ps': 0.4569532219038436, 'bs': 128, 'lr': 0.08045277634470181, 'epochs': 31, 'early.stopping.min_delta': 0.0001, 'early.stopping.patience': 20, 'smoothing': 0.0}","{'epochs': 31, 'best_epoch': 21}","{'max_memory_usage_ratio': 1.0, 'max_time_limit_ratio': 1.0, 'max_time_limit': None, 'min_time_limit': 0, 'valid_raw_types': ['bool', 'int', 'float', 'category'], 'valid_special_types': None, 'ignored_type_group_special': ['text_ngram', 'text_as_category'], 'ignored_type_group_raw': None, 'get_features_kwargs': None, 'get_features_kwargs_extra': None, 'predict_1_batch_size': None, 'temperature_scalar': None, 'num_cpus': 16}",[],[]
NeuralNetTorch_r30_BAG_L1,0.8571428571428571,0.8521703521703522,accuracy,0.25571131706237793,0.21765470504760742,132.94307851791382,0.25571131706237793,0.21765470504760742,132.94307851791382,1,True,24,14,8,8,4145121,4145121,520933,520933,0,0,StackerEnsembleModel,TabularNeuralNetTorchModel,accuracy,"{'use_orig_features': True, 'max_base_models': 25, 'max_base_models_per_type': 5, 'save_bag_folds': True}",{},"{'max_memory_usage_ratio': 1.0, 'max_time_limit_ratio': 1.0, 'max_time_limit': None, 'min_time_limit': 0, 'valid_raw_types': None, 'valid_special_types': None, 'ignored_type_group_special': None, 'ignored_type_group_raw': None, 'get_features_kwargs': None, 'get_features_kwargs_extra': None, 'predict_1_batch_size': None, 'temperature_scalar': None, 'drop_unique': False}","['hours.per.week', 'capital.gain', 'race', 'fnlwgt', 'capital.loss', 'workclass', 'education.num', 'sex', 'education', 'marital.status', 'relationship', 'occupation', 'native.country', 'age']",,"{'num_epochs': 500, 'epochs_wo_improve': 20, 'activation': 'elu', 'embedding_size_factor': 1.0, 'embed_exponent': 0.56, 'max_embedding_dim': 100, 'y_range': None, 'y_range_extend': 0.05, 'dropout_prob': 0.24622382571353768, 'optimizer': 'adam', 'learning_rate': 0.008507536855608535, 'weight_decay': 1.8201539594953562e-06, 'proc.embed_min_categories': 4, 'proc.impute_strategy': 'median', 'proc.max_category_levels': 100, 'proc.skew_threshold': 0.99, 'use_ngram_features': False, 'num_layers': 5, 'hidden_size': 159, 'max_batch_size': 512, 'use_batchnorm': True, 'loss_function': 'auto'}","{'batch_size': 128, 'num_epochs': 19}","{'max_memory_usage_ratio': 1.0, 'max_time_limit_ratio': 1.0, 'max_time_limit': None, 'min_time_limit': 0, 'valid_raw_types': ['bool', 'int', 'float', 'category'], 'valid_special_types': None, 'ignored_type_group_special': ['text_ngram', 'text_as_category'], 'ignored_type_group_raw': None, 'get_features_kwargs': None, 'get_features_kwargs_extra': None, 'predict_1_batch_size': None, 'temperature_scalar': None, 'num_cpus': 16}",[],[]
NeuralNetTorch_r79_BAG_L1,0.8565286819801007,0.8510647010647011,accuracy,0.2126326560974121,3.1370697021484375,2861.409761428833,0.2126326560974121,3.1370697021484375,2861.409761428833,1,True,12,14,8,8,1869373,1869373,236439,236439,0,0,StackerEnsembleModel,TabularNeuralNetTorchModel,accuracy,"{'use_orig_features': True, 'max_base_models': 25, 'max_base_models_per_type': 5, 'save_bag_folds': True}",{},"{'max_memory_usage_ratio': 1.0, 'max_time_limit_ratio': 1.0, 'max_time_limit': None, 'min_time_limit': 0, 'valid_raw_types': None, 'valid_special_types': None, 'ignored_type_group_special': None, 'ignored_type_group_raw': None, 'get_features_kwargs': None, 'get_features_kwargs_extra': None, 'predict_1_batch_size': None, 'temperature_scalar': None, 'drop_unique': False}","['hours.per.week', 'capital.gain', 'race', 'fnlwgt', 'capital.loss', 'workclass', 'education.num', 'sex', 'education', 'marital.status', 'relationship', 'occupation', 'native.country', 'age']",,"{'num_epochs': 500, 'epochs_wo_improve': 20, 'activation': 'elu', 'embedding_size_factor': 1.0, 'embed_exponent': 0.56, 'max_embedding_dim': 100, 'y_range': None, 'y_range_extend': 0.05, 'dropout_prob': 0.10077639529843717, 'optimizer': 'adam', 'learning_rate': 0.002735937344002146, 'weight_decay': 1.356433327634438e-12, 'proc.embed_min_categories': 4, 'proc.impute_strategy': 'median', 'proc.max_category_levels': 100, 'proc.skew_threshold': 0.99, 'use_ngram_features': False, 'num_layers': 4, 'hidden_size': 108, 'max_batch_size': 512, 'use_batchnorm': True, 'loss_function': 'auto'}","{'batch_size': 128, 'num_epochs': 12}","{'max_memory_usage_ratio': 1.0, 'max_time_limit_ratio': 1.0, 'max_time_limit': None, 'min_time_limit': 0, 'valid_raw_types': ['bool', 'int', 'float', 'category'], 'valid_special_types': None, 'ignored_type_group_special': ['text_ngram', 'text_as_category'], 'ignored_type_group_raw': None, 'get_features_kwargs': None, 'get_features_kwargs_extra': None, 'predict_1_batch_size': None, 'temperature_scalar': None, 'num_cpus': 16}",[],[]
ExtraTreesGini_BAG_L1,0.8560373418498956,0.8481981981981982,accuracy,0.1055300235748291,0.6426939964294434,1.1690139770507812,0.1055300235748291,0.6426939964294434,1.1690139770507812,1,True,6,14,1,1,271134321,271134321,271134321,271134321,0,0,StackerEnsembleModel,XTModel,accuracy,"{'use_orig_features': True, 'max_base_models': 25, 'max_base_models_per_type': 5, 'save_bag_folds': True, 'use_child_oof': True}",{},"{'max_memory_usage_ratio': 1.0, 'max_time_limit_ratio': 1.0, 'max_time_limit': None, 'min_time_limit': 0, 'valid_raw_types': None, 'valid_special_types': None, 'ignored_type_group_special': None, 'ignored_type_group_raw': None, 'get_features_kwargs': None, 'get_features_kwargs_extra': None, 'predict_1_batch_size': None, 'temperature_scalar': None, 'drop_unique': False}","['hours.per.week', 'capital.gain', 'race', 'fnlwgt', 'capital.loss', 'workclass', 'education.num', 'sex', 'education', 'marital.status', 'relationship', 'occupation', 'native.country', 'age']",,"{'n_estimators': 300, 'max_leaf_nodes': 15000, 'n_jobs': -1, 'random_state': 0, 'bootstrap': True, 'criterion': 'gini'}",{'n_estimators': 300},"{'max_memory_usage_ratio': 1.0, 'max_time_limit_ratio': 1.0, 'max_time_limit': None, 'min_time_limit': 0, 'valid_raw_types': ['bool', 'int', 'float', 'category'], 'valid_special_types': None, 'ignored_type_group_special': None, 'ignored_type_group_raw': None, 'get_features_kwargs': None, 'get_features_kwargs_extra': None, 'predict_1_batch_size': None, 'temperature_scalar': None, 'num_cpus': 16}",[],[]
NeuralNetFastAI_r95_BAG_L1,0.855791671784793,0.8544635544635545,accuracy,0.9855313301086426,0.4821596145629883,77.04924821853638,0.9855313301086426,0.4821596145629883,77.04924821853638,1,True,38,14,8,8,5068162,5068162,636898,636898,0,0,StackerEnsembleModel,NNFastAiTabularModel,accuracy,"{'use_orig_features': True, 'max_base_models': 25, 'max_base_models_per_type': 5, 'save_bag_folds': True}",{},"{'max_memory_usage_ratio': 1.0, 'max_time_limit_ratio': 1.0, 'max_time_limit': None, 'min_time_limit': 0, 'valid_raw_types': None, 'valid_special_types': None, 'ignored_type_group_special': None, 'ignored_type_group_raw': None, 'get_features_kwargs': None, 'get_features_kwargs_extra': None, 'predict_1_batch_size': None, 'temperature_scalar': None, 'drop_unique': False}","['hours.per.week', 'capital.gain', 'race', 'fnlwgt', 'capital.loss', 'workclass', 'education.num', 'sex', 'education', 'marital.status', 'relationship', 'occupation', 'native.country', 'age']",,"{'layers': [400, 200, 100], 'emb_drop': 0.6656668277387758, 'ps': 0.04084945128641206, 'bs': 128, 'lr': 0.019326244622675428, 'epochs': 32, 'early.stopping.min_delta': 0.0001, 'early.stopping.patience': 20, 'smoothing': 0.0}","{'epochs': 32, 'best_epoch': 10}","{'max_memory_usage_ratio': 1.0, 'max_time_limit_ratio': 1.0, 'max_time_limit': None, 'min_time_limit': 0, 'valid_raw_types': ['bool', 'int', 'float', 'category'], 'valid_special_types': None, 'ignored_type_group_special': ['text_ngram', 'text_as_category'], 'ignored_type_group_raw': None, 'get_features_kwargs': None, 'get_features_kwargs_extra': None, 'predict_1_batch_size': None, 'temperature_scalar': None, 'num_cpus': 16}",[],[]
ExtraTreesEntr_BAG_L1,0.8554231666871391,0.8467239967239967,accuracy,0.10957121849060059,0.6325817108154297,0.9254155158996582,0.10957121849060059,0.6325817108154297,0.9254155158996582,1,True,7,14,1,1,270038009,270038009,270038009,270038009,0,0,StackerEnsembleModel,XTModel,accuracy,"{'use_orig_features': True, 'max_base_models': 25, 'max_base_models_per_type': 5, 'save_bag_folds': True, 'use_child_oof': True}",{},"{'max_memory_usage_ratio': 1.0, 'max_time_limit_ratio': 1.0, 'max_time_limit': None, 'min_time_limit': 0, 'valid_raw_types': None, 'valid_special_types': None, 'ignored_type_group_special': None, 'ignored_type_group_raw': None, 'get_features_kwargs': None, 'get_features_kwargs_extra': None, 'predict_1_batch_size': None, 'temperature_scalar': None, 'drop_unique': False}","['hours.per.week', 'capital.gain', 'race', 'fnlwgt', 'capital.loss', 'workclass', 'education.num', 'sex', 'education', 'marital.status', 'relationship', 'occupation', 'native.country', 'age']",,"{'n_estimators': 300, 'max_leaf_nodes': 15000, 'n_jobs': -1, 'random_state': 0, 'bootstrap': True, 'criterion': 'entropy'}",{'n_estimators': 300},"{'max_memory_usage_ratio': 1.0, 'max_time_limit_ratio': 1.0, 'max_time_limit': None, 'min_time_limit': 0, 'valid_raw_types': ['bool', 'int', 'float', 'category'], 'valid_special_types': None, 'ignored_type_group_special': None, 'ignored_type_group_raw': None, 'get_features_kwargs': None, 'get_features_kwargs_extra': None, 'predict_1_batch_size': None, 'temperature_scalar': None, 'num_cpus': 16}",[],[]
NeuralNetTorch_r14_BAG_L1,0.854931826556934,0.851023751023751,accuracy,0.14563298225402832,0.13544392585754395,38.62634253501892,0.14563298225402832,0.13544392585754395,38.62634253501892,1,True,32,14,8,8,636949,636949,82385,82385,0,0,StackerEnsembleModel,TabularNeuralNetTorchModel,accuracy,"{'use_orig_features': True, 'max_base_models': 25, 'max_base_models_per_type': 5, 'save_bag_folds': True}",{},"{'max_memory_usage_ratio': 1.0, 'max_time_limit_ratio': 1.0, 'max_time_limit': None, 'min_time_limit': 0, 'valid_raw_types': None, 'valid_special_types': None, 'ignored_type_group_special': None, 'ignored_type_group_raw': None, 'get_features_kwargs': None, 'get_features_kwargs_extra': None, 'predict_1_batch_size': None, 'temperature_scalar': None, 'drop_unique': False}","['hours.per.week', 'capital.gain', 'race', 'fnlwgt', 'capital.loss', 'workclass', 'education.num', 'sex', 'education', 'marital.status', 'relationship', 'occupation', 'native.country', 'age']",,"{'num_epochs': 500, 'epochs_wo_improve': 20, 'activation': 'relu', 'embedding_size_factor': 1.0, 'embed_exponent': 0.56, 'max_embedding_dim': 100, 'y_range': None, 'y_range_extend': 0.05, 'dropout_prob': 0.3905837860053583, 'optimizer': 'adam', 'learning_rate': 0.0018297905295930797, 'weight_decay': 9.178069874232892e-08, 'proc.embed_min_categories': 4, 'proc.impute_strategy': 'median', 'proc.max_category_levels': 100, 'proc.skew_threshold': 0.99, 'use_ngram_features': False, 'num_layers': 1, 'hidden_size': 106, 'max_batch_size': 512, 'use_batchnorm': True, 'loss_function': 'auto'}","{'batch_size': 128, 'num_epochs': 7}","{'max_memory_usage_ratio': 1.0, 'max_time_limit_ratio': 1.0, 'max_time_limit': None, 'min_time_limit': 0, 'valid_raw_types': ['bool', 'int', 'float', 'category'], 'valid_special_types': None, 'ignored_type_group_special': ['text_ngram', 'text_as_category'], 'ignored_type_group_raw': None, 'get_features_kwargs': None, 'get_features_kwargs_extra': None, 'predict_1_batch_size': None, 'temperature_scalar': None, 'num_cpus': 16}",[],[]
NeuralNetTorch_r41_BAG_L1,0.8528436310035622,0.8468058968058968,accuracy,0.1933588981628418,0.10543107986450195,13.598011016845703,0.1933588981628418,0.10543107986450195,13.598011016845703,1,True,39,14,8,8,680589,680589,87803,87803,0,0,StackerEnsembleModel,TabularNeuralNetTorchModel,accuracy,"{'use_orig_features': True, 'max_base_models': 25, 'max_base_models_per_type': 5, 'save_bag_folds': True}",{},"{'max_memory_usage_ratio': 1.0, 'max_time_limit_ratio': 1.0, 'max_time_limit': None, 'min_time_limit': 0, 'valid_raw_types': None, 'valid_special_types': None, 'ignored_type_group_special': None, 'ignored_type_group_raw': None, 'get_features_kwargs': None, 'get_features_kwargs_extra': None, 'predict_1_batch_size': None, 'temperature_scalar': None, 'drop_unique': False}","['hours.per.week', 'capital.gain', 'race', 'fnlwgt', 'capital.loss', 'workclass', 'education.num', 'sex', 'education', 'marital.status', 'relationship', 'occupation', 'native.country', 'age']",,"{'num_epochs': 500, 'epochs_wo_improve': 20, 'activation': 'relu', 'embedding_size_factor': 1.0, 'embed_exponent': 0.56, 'max_embedding_dim': 100, 'y_range': None, 'y_range_extend': 0.05, 'dropout_prob': 0.05488816803887784, 'optimizer': 'adam', 'learning_rate': 0.0075612897834015985, 'weight_decay': 1.652353009917866e-08, 'proc.embed_min_categories': 4, 'proc.impute_strategy': 'median', 'proc.max_category_levels': 100, 'proc.skew_threshold': 0.99, 'use_ngram_features': False, 'num_layers': 4, 'hidden_size': 32, 'max_batch_size': 512, 'use_batchnorm': True, 'loss_function': 'auto'}","{'batch_size': 128, 'num_epochs': 2}","{'max_memory_usage_ratio': 1.0, 'max_time_limit_ratio': 1.0, 'max_time_limit': None, 'min_time_limit': 0, 'valid_raw_types': ['bool', 'int', 'float', 'category'], 'valid_special_types': None, 'ignored_type_group_special': ['text_ngram', 'text_as_category'], 'ignored_type_group_raw': None, 'get_features_kwargs': None, 'get_features_kwargs_extra': None, 'predict_1_batch_size': None, 'temperature_scalar': None, 'num_cpus': 16}",[],[]
KNeighborsUnif_BAG_L1,0.7763174057241126,0.7701883701883702,accuracy,0.03632092475891113,0.13813400268554688,0.028181076049804688,0.03632092475891113,0.13813400268554688,0.028181076049804688,1,True,1,6,1,1,2285683,2285683,2285683,2285683,0,0,StackerEnsembleModel,KNNModel,accuracy,"{'use_orig_features': True, 'max_base_models': 25, 'max_base_models_per_type': 5, 'save_bag_folds': True, 'use_child_oof': True}",{},"{'max_memory_usage_ratio': 1.0, 'max_time_limit_ratio': 1.0, 'max_time_limit': None, 'min_time_limit': 0, 'valid_raw_types': None, 'valid_special_types': None, 'ignored_type_group_special': None, 'ignored_type_group_raw': None, 'get_features_kwargs': None, 'get_features_kwargs_extra': None, 'predict_1_batch_size': None, 'temperature_scalar': None, 'drop_unique': False}","['hours.per.week', 'capital.gain', 'fnlwgt', 'capital.loss', 'education.num', 'age']",,{'weights': 'uniform'},{},"{'max_memory_usage_ratio': 1.0, 'max_time_limit_ratio': 1.0, 'max_time_limit': None, 'min_time_limit': 0, 'valid_raw_types': ['int', 'float'], 'valid_special_types': None, 'ignored_type_group_special': ['bool'], 'ignored_type_group_raw': None, 'get_features_kwargs': None, 'get_features_kwargs_extra': None, 'predict_1_batch_size': None, 'temperature_scalar': None, 'num_cpus': 16}",[],[]
KNeighborsDist_BAG_L1,0.7711583343569586,0.761998361998362,accuracy,0.03555798530578613,0.14147353172302246,0.0319371223449707,0.03555798530578613,0.14147353172302246,0.0319371223449707,1,True,2,6,1,1,2285684,2285684,2285684,2285684,0,0,StackerEnsembleModel,KNNModel,accuracy,"{'use_orig_features': True, 'max_base_models': 25, 'max_base_models_per_type': 5, 'save_bag_folds': True, 'use_child_oof': True}",{},"{'max_memory_usage_ratio': 1.0, 'max_time_limit_ratio': 1.0, 'max_time_limit': None, 'min_time_limit': 0, 'valid_raw_types': None, 'valid_special_types': None, 'ignored_type_group_special': None, 'ignored_type_group_raw': None, 'get_features_kwargs': None, 'get_features_kwargs_extra': None, 'predict_1_batch_size': None, 'temperature_scalar': None, 'drop_unique': False}","['hours.per.week', 'capital.gain', 'fnlwgt', 'capital.loss', 'education.num', 'age']",,{'weights': 'distance'},{},"{'max_memory_usage_ratio': 1.0, 'max_time_limit_ratio': 1.0, 'max_time_limit': None, 'min_time_limit': 0, 'valid_raw_types': ['int', 'float'], 'valid_special_types': None, 'ignored_type_group_special': ['bool'], 'ignored_type_group_raw': None, 'get_features_kwargs': None, 'get_features_kwargs_extra': None, 'predict_1_batch_size': None, 'temperature_scalar': None, 'num_cpus': 16}",[],[]
